{"cameraMode":{"drawMode":0,"name":"Shaded","section":"Shading Mode"},"sceneLighting":true,"audioPlay":false,"sceneViewState":{"m_AlwaysRefresh":false,"showFog":true,"showSkybox":true,"showFlares":true,"showImageEffects":true,"showParticleSystems":true,"showVisualEffectGraphs":true,"m_FxEnabled":true},"in2DMode":false,"pivot":{"x":0.20221436023712159,"y":-0.21387313306331635,"z":0.16896113753318788},"rotation":{"x":-0.09414096921682358,"y":0.9048062562942505,"z":-0.26981815695762637,"w":-0.3156914710998535},"size":7.586129188537598,"orthographic":false}